,context,question,answer,reference,search_time,usage,answering_time
0,Changes to Privacy Policy: We may update this Privacy Policy from time to time. The updated Privacy Policy will be posted on our website., When was the privacy policy last updated?,I don't know when the privacy policy was last updated., 15 Sep 2023,0.9626612663269043,"{'prompt_tokens': 98, 'completion_tokens': 100, 'total_tokens': 198, 'cost': 0.000347}",0.9983208179473877
1,Changes to Privacy Policy: We may update this Privacy Policy from time to time. The updated Privacy Policy will be posted on our website., What is the name of the privacy policy?,The name of the privacy policy is not mentioned in the given context., Get Presight PRIVACY POLICY,0.2976982593536377,"{'prompt_tokens': 99, 'completion_tokens': 100, 'total_tokens': 199, 'cost': 0.00034849999999999996}",1.0029675960540771
2,Information Collection and Use: We collect several different types of information for various purposes to provide and improve our Service to you., What does a company collect to provide and improve services to you?,A company collects various types of information for different purposes in order to provide and improve their service to you., several different types of information,0.5796456336975098,"{'prompt_tokens': 100, 'completion_tokens': 100, 'total_tokens': 200, 'cost': 0.00035}",1.144498586654663
3,Information Collection and Use: We collect several different types of information for various purposes to provide and improve our Service to you., What are we collecting?,We collect several different types of information for various purposes., several different types of information,0.4200766086578369,"{'prompt_tokens': 92, 'completion_tokens': 100, 'total_tokens': 192, 'cost': 0.000338}",0.9557006359100342
4,Information Collection and Use: We collect several different types of information for various purposes to provide and improve our Service to you., How do we use the information you provide?,The information you provide is used to improve our service and provide a better experience for you as a user., to contact or identify you,0.3327960968017578,"{'prompt_tokens': 96, 'completion_tokens': 100, 'total_tokens': 196, 'cost': 0.000344}",1.2079987525939941
5,Information Collection and Use: We collect several different types of information for various purposes to provide and improve our Service to you., What kind of information do we collect from you when you use our Service?,"We collect various types of information from you when you use our Service, but the specific details are not mentioned in the provided context.", Personal Data,0.3131544589996338,"{'prompt_tokens': 102, 'completion_tokens': 100, 'total_tokens': 202, 'cost': 0.000353}",1.174363613128662
6,Information Collection and Use: We collect several different types of information for various purposes to provide and improve our Service to you., What is one way that we collect information about you?,One way that we collect information about you is through the use of cookies or similar tracking technologies., Cookies,0.3457508087158203,"{'prompt_tokens': 98, 'completion_tokens': 100, 'total_tokens': 198, 'cost': 0.000347}",1.0660622119903564
7,Information Collection and Use: We collect several different types of information for various purposes to provide and improve our Service to you., What type of information does our Service collect?,"Our Service collects several different types of information for various purposes, but the specific types of information collected are not specified in the given context.", Personally identifiable,0.3282897472381592,"{'prompt_tokens': 96, 'completion_tokens': 100, 'total_tokens': 196, 'cost': 0.000344}",1.332406997680664
8,"Types of Data Collected: Personal Data  
While using our Service, we may ask you to provide us with certain personally identifiable information that can be used to contact or identify you (""Personal Data""). Personally identifiable information may include, but is not limited to:  
Email addressFirst name and last namePhone numberAddress, State, Province, ZIP/Postal code, CityCookies and Usage Data  
Usage Data  
We may also collect information that your browser sends whenever you visit our Service or when you access the Service by or through a mobile device (""Usage Data""). This Usage Data may include information such as your computer's Internet Protocol address (e.g. IP address), browser type, browser version, the pages of our Service that you visit, the time and date of your visit, the time spent on those pages, unique device identifiers, and other diagnostic data.", What is an example of Usage Data?,"An example of Usage Data could be the pages of the service that you visit, the time and date of your visit, and the time spent on those pages.", your computer's Internet Protocol address,0.31338930130004883,"{'prompt_tokens': 242, 'completion_tokens': 100, 'total_tokens': 342, 'cost': 0.0005629999999999999}",1.2537837028503418
9,"Types of Data Collected: Personal Data  
While using our Service, we may ask you to provide us with certain personally identifiable information that can be used to contact or identify you (""Personal Data""). Personally identifiable information may include, but is not limited to:  
Email addressFirst name and last namePhone numberAddress, State, Province, ZIP/Postal code, CityCookies and Usage Data  
Usage Data  
We may also collect information that your browser sends whenever you visit our Service or when you access the Service by or through a mobile device (""Usage Data""). This Usage Data may include information such as your computer's Internet Protocol address (e.g. IP address), browser type, browser version, the pages of our Service that you visit, the time and date of your visit, the time spent on those pages, unique device identifiers, and other diagnostic data.", What may include information such as your computer's Internet Protocol address?,The information that may include your computer's Internet Protocol (IP) address is the Usage Data., Usage Data,0.3119642734527588,"{'prompt_tokens': 247, 'completion_tokens': 100, 'total_tokens': 347, 'cost': 0.0005705}",1.150115728378296
10,Information Collection and Use: We collect several different types of information for various purposes to provide and improve our Service to you., What information does the web server collect about you?,"The web server collects various types of information for different purposes, but without specific details about the service or website in question, it is not possible to provide a precise answer.", IP address,2.287555456161499,"{'prompt_tokens': 97, 'completion_tokens': 100, 'total_tokens': 197, 'cost': 0.0003455}",1.5011920928955078
11,Information Collection and Use: We collect several different types of information for various purposes to provide and improve our Service to you., What is the name of the service you visit on our website?,The context does not provide the name of the service on the website., Service,0.29891514778137207,"{'prompt_tokens': 100, 'completion_tokens': 100, 'total_tokens': 200, 'cost': 0.00035}",1.0475077629089355
12,"Use of Data: Presight uses the collected data for various purposes:  
To provide and maintain our ServiceTo notify you about changes to our ServiceTo allow you to participate in interactive features of our Service when you choose to do soTo provide customer supportTo gather analysis or valuable information so that we can improve our ServiceTo monitor the usage of our ServiceTo detect, prevent and address technical issues", What kind of things does Presight use the collected data for?,"Presight uses the collected data for purposes such as providing and maintaining their service, notifying users about changes, improving the service through analysis, monitoring usage, and addressing technical issues.", To provide and maintain our ServiceTo notify you about changes to our ServiceTo allow you to participate in interactive features of our Service when you choose to do so,0.3141047954559326,"{'prompt_tokens': 155, 'completion_tokens': 100, 'total_tokens': 255, 'cost': 0.0004325}",1.3633217811584473
13,"Use of Data: Presight uses the collected data for various purposes:  
To provide and maintain our ServiceTo notify you about changes to our ServiceTo allow you to participate in interactive features of our Service when you choose to do soTo provide customer supportTo gather analysis or valuable information so that we can improve our ServiceTo monitor the usage of our ServiceTo detect, prevent and address technical issues", What does Presight use your data for?,"Presight uses the collected data for various purposes, including providing and maintaining their service, notifying users about changes, allowing participation in interactive features, providing customer support, gathering valuable information for improvement, monitoring usage, and addressing technical issues.", To provide and maintain our ServiceTo notify you about changes to our ServiceTo allow you to participate in interactive features of our Service when you choose to do soTo provide customer supportTo gather analysis or valuable information so that we can improve our Service,0.2998392581939697,"{'prompt_tokens': 151, 'completion_tokens': 100, 'total_tokens': 251, 'cost': 0.0004265}",1.8569421768188477
14,"Consent: As personal information is collected, you will be asked to confirm that your information is correct prior to submitting it to Presight.", What does Presight ask you to confirm when submitting information?,Presight asks you to confirm that your personal information is correct before submitting it., that your information is correct,0.3096585273742676,"{'prompt_tokens': 102, 'completion_tokens': 100, 'total_tokens': 202, 'cost': 0.000353}",0.8567578792572021
15,"Consent: As personal information is collected, you will be asked to confirm that your information is correct prior to submitting it to Presight.", What will you have to confirm when you submit your information to Presight?,You will have to confirm that your information is correct., that your information is correct,0.30786800384521484,"{'prompt_tokens': 105, 'completion_tokens': 100, 'total_tokens': 205, 'cost': 0.00035749999999999996}",0.852125883102417
16,Access to Personal Information: Accessing Your Personal InformationAutomated Edit Checks, What is the name of the check that allows you to see if you've changed something in your personal information?,The name of the check that allows you to see if you've changed something in your personal information is Automated Edit Check., Edit Checks,0.3653597831726074,"{'prompt_tokens': 100, 'completion_tokens': 100, 'total_tokens': 200, 'cost': 0.00035}",1.1547751426696777
17,"Accessing Your Personal Information: You have the right to access all of your personal information that we hold. Through the application, you can correct, amend, or append your personal information by logging into the application and navigating to your settings and profile.", What do you have the right to do?,"You have the right to access, correct, amend, or append your personal information.", access all of your personal information that we hold,0.32699012756347656,"{'prompt_tokens': 121, 'completion_tokens': 100, 'total_tokens': 221, 'cost': 0.0003815}",0.9682528972625732
18,"Accessing Your Personal Information: You have the right to access all of your personal information that we hold. Through the application, you can correct, amend, or append your personal information by logging into the application and navigating to your settings and profile.", How do you access your personal information?,You can access your personal information by logging into the application and navigating to your settings and profile., You have the right to access all of your personal information,0.3187394142150879,"{'prompt_tokens': 120, 'completion_tokens': 100, 'total_tokens': 220, 'cost': 0.00038}",1.019124984741211
19,"Accessing Your Personal Information: You have the right to access all of your personal information that we hold. Through the application, you can correct, amend, or append your personal information by logging into the application and navigating to your settings and profile."," How can you change, amend, or add information to the application?","You can change, amend, or add information to the application by logging into the application, navigating to your settings and profile, and making the necessary updates.", by logging into the application,0.3254506587982178,"{'prompt_tokens': 126, 'completion_tokens': 100, 'total_tokens': 226, 'cost': 0.000389}",1.3833043575286865
20,"Accessing Your Personal Information: You have the right to access all of your personal information that we hold. Through the application, you can correct, amend, or append your personal information by logging into the application and navigating to your settings and profile."," How do you change, amend, or add information to your account?","To change, amend, or add information to your account, you can log into the application and navigate to your settings and profile.", by logging into the application,0.32883453369140625,"{'prompt_tokens': 126, 'completion_tokens': 100, 'total_tokens': 226, 'cost': 0.000389}",1.2226364612579346
21,Automated Edit Checks: Presight employs automated edit checks to ensure that data entry fields are completed properly when collecting personal information. These edit checks help maintain data integrity and accuracy. You are encouraged to provide complete and valid information to ensure the smooth processing of their personal data., What does Presight employ to ensure that data entry fields are completed properly?,Presight employs automated edit checks to ensure that data entry fields are completed properly., automated edit checks,0.2939436435699463,"{'prompt_tokens': 131, 'completion_tokens': 100, 'total_tokens': 231, 'cost': 0.0003965}",0.8660504817962646
22,Automated Edit Checks: Presight employs automated edit checks to ensure that data entry fields are completed properly when collecting personal information. These edit checks help maintain data integrity and accuracy. You are encouraged to provide complete and valid information to ensure the smooth processing of their personal data., How does Presight ensure that data entry fields are completed correctly?,"Presight ensures that data entry fields are completed correctly by using automated edit checks, which help maintain data integrity and accuracy.", automated edit checks,0.31311774253845215,"{'prompt_tokens': 129, 'completion_tokens': 100, 'total_tokens': 229, 'cost': 0.00039349999999999997}",1.0663421154022217
23,"Use of Data: Presight uses the collected data for various purposes:  
To provide and maintain our ServiceTo notify you about changes to our ServiceTo allow you to participate in interactive features of our Service when you choose to do soTo provide customer supportTo gather analysis or valuable information so that we can improve our ServiceTo monitor the usage of our ServiceTo detect, prevent and address technical issues", What does this process help with?,"This process helps with providing and maintaining the service, notifying users about changes, allowing them to participate in interactive features, providing customer support, gathering valuable information for improvement, monitoring usage, and addressing technical issues.", data integrity and accuracy,0.34891843795776367,"{'prompt_tokens': 149, 'completion_tokens': 100, 'total_tokens': 249, 'cost': 0.0004235}",1.9415066242218018
24,Access to Personal Information: Accessing Your Personal InformationAutomated Edit Checks, What are edit checks?,"Edit checks are automated processes or rules that are applied to data to ensure accuracy, completeness, and consistency. They help identify and flag any errors or inconsistencies in the data.", help maintain data integrity and accuracy,0.43636369705200195,"{'prompt_tokens': 83, 'completion_tokens': 100, 'total_tokens': 183, 'cost': 0.0003245}",1.4422082901000977
25,"Quality, Including Data Subjects' Responsibilities for Quality: We are committed to maintaining the quality and accuracy of the personal information we collect and process.We rely on data subjects to provide accurate and up-to-date information.Data subjects have the responsibility to inform us of any changes or inaccuracies in their personal data.If you believe that any information we hold about you is inaccurate, incomplete, or outdated, please contact us promptly to rectify the information.", What do we want to ensure with their personal data?,We want to ensure the quality and accuracy of their personal information., smooth processing,0.33554983139038086,"{'prompt_tokens': 160, 'completion_tokens': 100, 'total_tokens': 260, 'cost': 0.00043999999999999996}",0.9881625175476074
26,"Quality, Including Data Subjects' Responsibilities for Quality: We are committed to maintaining the quality and accuracy of the personal information we collect and process.We rely on data subjects to provide accurate and up-to-date information.Data subjects have the responsibility to inform us of any changes or inaccuracies in their personal data.If you believe that any information we hold about you is inaccurate, incomplete, or outdated, please contact us promptly to rectify the information.", What is the purpose of providing complete and valid information to ensure the smooth processing of their personal data?,"Providing complete and valid information ensures the smooth processing of personal data as it helps maintain the quality and accuracy of the information collected and processed. This, in turn, helps in making informed decisions and avoids any potential issues or errors that may arise from inaccurate or incomplete data.", to ensure the smooth processing,0.3377685546875,"{'prompt_tokens': 169, 'completion_tokens': 100, 'total_tokens': 269, 'cost': 0.00045349999999999996}",1.880636215209961
27,"Disclosure of Information: We may disclose your information to third-party service providers who help us to provide our services such as Datadog, AWS and Google Workspace. We may also disclose your information in response to a legal request, such as a subpoena or court order, or to protect our rights or the rights of others.", What companies are service providers?,"The companies mentioned as service providers are Datadog, AWS, and Google Workspace."," Datadog, AWS and Google Workspace",0.2832179069519043,"{'prompt_tokens': 133, 'completion_tokens': 100, 'total_tokens': 233, 'cost': 0.0003995}",1.049487590789795
28,"Disclosure of Information: We may disclose your information to third-party service providers who help us to provide our services such as Datadog, AWS and Google Workspace. We may also disclose your information in response to a legal request, such as a subpoena or court order, or to protect our rights or the rights of others.", What are examples of third-party service providers?,"Examples of third-party service providers mentioned in the context are Datadog, AWS, and Google Workspace."," Datadog, AWS and Google Workspace",0.30902099609375,"{'prompt_tokens': 136, 'completion_tokens': 100, 'total_tokens': 236, 'cost': 0.00040399999999999995}",0.9847593307495117
29,Information Collection and Use: We collect several different types of information for various purposes to provide and improve our Service to you., What type of requests do we respond to in response to?,The context does not provide specific information about the type of requests that are responded to., legal,0.30440235137939453,"{'prompt_tokens': 99, 'completion_tokens': 100, 'total_tokens': 199, 'cost': 0.00034849999999999996}",0.8991332054138184
30,"Disclosure of Information: We may disclose your information to third-party service providers who help us to provide our services such as Datadog, AWS and Google Workspace. We may also disclose your information in response to a legal request, such as a subpoena or court order, or to protect our rights or the rights of others.", What kind of request does Facebook receive that may lead to the disclosure of information?,"Facebook may receive legal requests, such as subpoenas or court orders, that may lead to the disclosure of information.", legal,0.3588705062866211,"{'prompt_tokens': 143, 'completion_tokens': 100, 'total_tokens': 243, 'cost': 0.0004145}",1.256227970123291
31,"Data Security:: All data is encrypted both in transit and at rest, using industry-standard encryption methods.We regularly perform security audits and vulnerability assessments to ensure the safety of our platform and the data stored within it.Our employees are trained on best practices for data security, and access to customer data is restricted on a need-to-know basis.", What kind of audits and vulnerability assessments do we regularly perform?,"The context mentions that ""we regularly perform security audits and vulnerability assessments"" but does not provide specific details about the kind of audits and assessments performed.", security audits and vulnerability assessments,0.37404656410217285,"{'prompt_tokens': 140, 'completion_tokens': 100, 'total_tokens': 240, 'cost': 0.00041}",1.2355458736419678
32,"Data Security:: All data is encrypted both in transit and at rest, using industry-standard encryption methods.We regularly perform security audits and vulnerability assessments to ensure the safety of our platform and the data stored within it.Our employees are trained on best practices for data security, and access to customer data is restricted on a need-to-know basis.", What are our employees trained on?,Our employees are trained on best practices for data security.," best practices for data security,",0.3215763568878174,"{'prompt_tokens': 135, 'completion_tokens': 100, 'total_tokens': 235, 'cost': 0.00040249999999999997}",0.9938278198242188
33,"Data Retention & Disposal: Customer data is retained for as long as the account is in active status. Data enters an “expired” state when the account is voluntarily closed. Expired account data will be retained for 60 days. After this period, the account and related data will be removed.", How long is customer data kept?,"Customer data is kept as long as the account is active, and after the account is closed, it is retained for an additional 60 days before being removed.", as long as the account is in active status,0.3289811611175537,"{'prompt_tokens': 131, 'completion_tokens': 100, 'total_tokens': 231, 'cost': 0.0003965}",1.4412610530853271
34,"Data Retention & Disposal: Customer data is retained for as long as the account is in active status. Data enters an “expired” state when the account is voluntarily closed. Expired account data will be retained for 60 days. After this period, the account and related data will be removed.", How long is customer data retained?,Customer data is retained as long as the account is in active status and for an additional 60 days after the account is closed., as long as the account is in active status,0.33197689056396484,"{'prompt_tokens': 131, 'completion_tokens': 100, 'total_tokens': 231, 'cost': 0.0003965}",1.1723673343658447
35,"Data Retention & Disposal: Customer data is retained for as long as the account is in active status. Data enters an “expired” state when the account is voluntarily closed. Expired account data will be retained for 60 days. After this period, the account and related data will be removed.", What does the “expired” state mean?,"The ""expired"" state refers to the status of an account that has been voluntarily closed by the customer.", when the account is voluntarily closed,0.32991790771484375,"{'prompt_tokens': 133, 'completion_tokens': 100, 'total_tokens': 233, 'cost': 0.0003995}",1.1288719177246094
36,"Data Retention & Disposal: Customer data is retained for as long as the account is in active status. Data enters an “expired” state when the account is voluntarily closed. Expired account data will be retained for 60 days. After this period, the account and related data will be removed.", When does data enter an expired state?,"Data enters an ""expired"" state when the account is voluntarily closed.", when the account is voluntarily closed,0.3453497886657715,"{'prompt_tokens': 132, 'completion_tokens': 100, 'total_tokens': 232, 'cost': 0.000398}",1.0373611450195312
37,"Data Retention & Disposal: Customer data is retained for as long as the account is in active status. Data enters an “expired” state when the account is voluntarily closed. Expired account data will be retained for 60 days. After this period, the account and related data will be removed.", How long will account data be retained?,"Account data will be retained as long as the account is in active status, and after the account is voluntarily closed, it will be retained for 60 days before being removed.", 60 days,0.3172307014465332,"{'prompt_tokens': 132, 'completion_tokens': 100, 'total_tokens': 232, 'cost': 0.000398}",1.558990716934204
38,"Data Retention & Disposal: Customer data is retained for as long as the account is in active status. Data enters an “expired” state when the account is voluntarily closed. Expired account data will be retained for 60 days. After this period, the account and related data will be removed.", How long will account data be retained after it expires?,Account data will be retained for 60 days after it expires., 60 days,0.2977128028869629,"{'prompt_tokens': 135, 'completion_tokens': 100, 'total_tokens': 235, 'cost': 0.00040249999999999997}",0.8179142475128174
39,"Data Retention & Disposal: Customer data is retained for as long as the account is in active status. Data enters an “expired” state when the account is voluntarily closed. Expired account data will be retained for 60 days. After this period, the account and related data will be removed.", After how long a period does the account remain active?,The account remains active for an indefinite period of time unless it is voluntarily closed., After this period,0.4218926429748535,"{'prompt_tokens': 135, 'completion_tokens': 100, 'total_tokens': 235, 'cost': 0.00040249999999999997}",0.8768656253814697
40,"Data Retention & Disposal: Customer data is retained for as long as the account is in active status. Data enters an “expired” state when the account is voluntarily closed. Expired account data will be retained for 60 days. After this period, the account and related data will be removed.", When will the account and related data be removed?,"The account and related data will be removed after a period of 60 days from the time it enters an ""expired"" state.", After this period,0.29294896125793457,"{'prompt_tokens': 134, 'completion_tokens': 100, 'total_tokens': 234, 'cost': 0.000401}",1.1793339252471924
41,"Quality, Including Data Subjects' Responsibilities for Quality: We are committed to maintaining the quality and accuracy of the personal information we collect and process.We rely on data subjects to provide accurate and up-to-date information.Data subjects have the responsibility to inform us of any changes or inaccuracies in their personal data.If you believe that any information we hold about you is inaccurate, incomplete, or outdated, please contact us promptly to rectify the information.", Who has the responsibility to inform us of any changes or inaccuracies in their personal data?,Data subjects have the responsibility to inform us of any changes or inaccuracies in their personal data., Data subjects,0.36240530014038086,"{'prompt_tokens': 167, 'completion_tokens': 100, 'total_tokens': 267, 'cost': 0.0004505}",1.0729103088378906
42,"Quality, Including Data Subjects' Responsibilities for Quality: We are committed to maintaining the quality and accuracy of the personal information we collect and process.We rely on data subjects to provide accurate and up-to-date information.Data subjects have the responsibility to inform us of any changes or inaccuracies in their personal data.If you believe that any information we hold about you is inaccurate, incomplete, or outdated, please contact us promptly to rectify the information.", What are data subjects responsible for providing?,Data subjects are responsible for providing accurate and up-to-date information about themselves., accurate and up-to-date information,0.3671128749847412,"{'prompt_tokens': 157, 'completion_tokens': 100, 'total_tokens': 257, 'cost': 0.0004355}",1.0360143184661865
43,"Monitoring and Enforcement: We regularly monitor its data processing activities to ensure compliance with this privacy policy and applicable data protection laws.In the event of a data breach or any unauthorized access to your personal information, we will notify you and the appropriate authorities as required by law.We committed to cooperating with data protection authorities and complying with their advice and decisions regarding data protection and privacy matters.", What does our monitoring and enforcement consist of?,"The monitoring and enforcement consist of regularly checking data processing activities for compliance with privacy policies and data protection laws, and promptly notifying individuals and authorities in case of data breaches or unauthorized access to personal information.", ensure compliance with this privacy policy and applicable data protection laws,0.32682085037231445,"{'prompt_tokens': 145, 'completion_tokens': 100, 'total_tokens': 245, 'cost': 0.0004175}",1.6305432319641113
44,"Monitoring and Enforcement: We regularly monitor its data processing activities to ensure compliance with this privacy policy and applicable data protection laws.In the event of a data breach or any unauthorized access to your personal information, we will notify you and the appropriate authorities as required by law.We committed to cooperating with data protection authorities and complying with their advice and decisions regarding data protection and privacy matters.", How will we notify you in the event of a data breach?,We will notify you directly and also inform the appropriate authorities as required by law., we will notify you and the appropriate authorities as required by law,0.2911083698272705,"{'prompt_tokens': 149, 'completion_tokens': 100, 'total_tokens': 249, 'cost': 0.0004235}",1.0269391536712646
45,Cookies: We use cookies to enhance your experience on our website. You can control the use of cookies through your web browser settings., What do we use to enhance your experience on our website?,We use cookies to enhance your experience on our website., Cookies,0.30579209327697754,"{'prompt_tokens': 101, 'completion_tokens': 100, 'total_tokens': 201, 'cost': 0.0003515}",0.7126059532165527
46,Cookies: We use cookies to enhance your experience on our website. You can control the use of cookies through your web browser settings., What do we use to enhance your experience on our website?,We use cookies to enhance your experience on our website., Cookies,0.36019277572631836,"{'prompt_tokens': 101, 'completion_tokens': 100, 'total_tokens': 201, 'cost': 0.0003515}",0.899334192276001
47,Cookies: We use cookies to enhance your experience on our website. You can control the use of cookies through your web browser settings., How do you control the use of cookies?,You can control the use of cookies through your web browser settings., your web browser settings,0.3255789279937744,"{'prompt_tokens': 98, 'completion_tokens': 100, 'total_tokens': 198, 'cost': 0.000347}",0.7501077651977539
48,Cookies: We use cookies to enhance your experience on our website. You can control the use of cookies through your web browser settings., How can you control the use of cookies?,You can control the use of cookies through your web browser settings., your web browser settings,0.3136575222015381,"{'prompt_tokens': 98, 'completion_tokens': 100, 'total_tokens': 198, 'cost': 0.000347}",0.9561557769775391
49,Third-Party Websites: Our website may contain links to third-party websites. We are not responsible for the privacy practices or content of those websites., What is another term for third-party websites?,Another term for third-party websites is external websites., Third-Party Websites,0.3099634647369385,"{'prompt_tokens': 101, 'completion_tokens': 100, 'total_tokens': 201, 'cost': 0.0003515}",0.656179666519165
50,Third-Party Websites: Our website may contain links to third-party websites. We are not responsible for the privacy practices or content of those websites., What kind of website may be linked to ours?,Any kind of website may be linked to ours as long as it is a third-party website., third-party,0.31160712242126465,"{'prompt_tokens': 102, 'completion_tokens': 100, 'total_tokens': 202, 'cost': 0.000353}",1.0299673080444336
51,Third-Party Websites: Our website may contain links to third-party websites. We are not responsible for the privacy practices or content of those websites., What is the content of these websites?,The content of the third-party websites is not specified in the given context., We are not responsible for the privacy practices,0.3099086284637451,"{'prompt_tokens': 100, 'completion_tokens': 100, 'total_tokens': 200, 'cost': 0.00035}",0.7889797687530518
52,Third-Party Websites: Our website may contain links to third-party websites. We are not responsible for the privacy practices or content of those websites., What do we not have control over?,We do not have control over the privacy practices or content of third-party websites., the privacy practices or content of those websites,0.3124051094055176,"{'prompt_tokens': 100, 'completion_tokens': 100, 'total_tokens': 200, 'cost': 0.00035}",0.8329999446868896
53,Changes to Privacy Policy: We may update this Privacy Policy from time to time. The updated Privacy Policy will be posted on our website., What do we do when we make changes to our Privacy Policy?,"When changes are made to the Privacy Policy, we update it and post the updated version on our website.", update this Privacy Policy from time to time,0.3254530429840088,"{'prompt_tokens': 103, 'completion_tokens': 100, 'total_tokens': 203, 'cost': 0.0003545}",1.1983752250671387
54,Changes to Privacy Policy: We may update this Privacy Policy from time to time. The updated Privacy Policy will be posted on our website., What happens from time to time?,The privacy policy is updated from time to time., We may update this Privacy Policy,0.36717653274536133,"{'prompt_tokens': 97, 'completion_tokens': 100, 'total_tokens': 197, 'cost': 0.0003455}",0.7262539863586426
55,Changes to Privacy Policy: We may update this Privacy Policy from time to time. The updated Privacy Policy will be posted on our website., Where will the Privacy Policy be posted?,The Privacy Policy will be posted on the website., on our website,0.29227399826049805,"{'prompt_tokens': 98, 'completion_tokens': 100, 'total_tokens': 198, 'cost': 0.000347}",0.9084866046905518
56,Changes to Privacy Policy: We may update this Privacy Policy from time to time. The updated Privacy Policy will be posted on our website., Where is the updated Privacy Policy posted?,The updated Privacy Policy is posted on our website., on our website,0.4083569049835205,"{'prompt_tokens': 98, 'completion_tokens': 100, 'total_tokens': 198, 'cost': 0.000347}",0.6578969955444336
57,"Contact Us: If you have any questions about this Privacy Policy, please contact us through the customer portal or by email at presight@presight.io.", How can you contact us?,You can contact us through the customer portal or by email at presight@presight.io., through the customer portal or by email,0.35240602493286133,"{'prompt_tokens': 100, 'completion_tokens': 100, 'total_tokens': 200, 'cost': 0.00035}",0.9951682090759277
58,"Contact Us: If you have any questions about this Privacy Policy, please contact us through the customer portal or by email at presight@presight.io.", What is the email address for presight?,The email address for Presight is presight@presight.io., presight@presight.io,0.3445289134979248,"{'prompt_tokens': 103, 'completion_tokens': 100, 'total_tokens': 203, 'cost': 0.0003545}",1.0204284191131592
59,Purposeful Use Only: We commit to only use personal information for the purposes identified in the entity's privacy policy., What is the only reason we use personal information?,The only reason we use personal information is for the purposes identified in the entity's privacy policy., Purposeful Use Only,0.2924778461456299,"{'prompt_tokens': 96, 'completion_tokens': 100, 'total_tokens': 196, 'cost': 0.000344}",0.882199764251709
60,Purposeful Use Only: We commit to only use personal information for the purposes identified in the entity's privacy policy., What can we only use personal information for?,Personal information can only be used for the purposes identified in the entity's privacy policy., Purposeful Use Only,0.3181114196777344,"{'prompt_tokens': 95, 'completion_tokens': 100, 'total_tokens': 195, 'cost': 0.0003425}",1.0611824989318848
